id,name,email,gender,status
6817,API Monitoring:246mx,apimonitoring246mx@synthetic.com,male,active
6821,API Monitoring:9ilyoq,apimonitoring9ilyoq@synthetic.com,male,active
6869,API Monitoring:cc3s1x,apimonitoringcc3s1x@synthetic.com,male,active
5428,NewID${Random},bramakrishnareddy@1634904829086ce.com,male,active
5406,NewID${Random},bramakrishnareddy@1634904734512ce.com,male,active
5407,Ricardo Lopez,bramakrishnareddy@1634904739425ce.com,male,active
5450,NewID${Random},bramakrishnareddy@1634904929325ce.com,male,active
5397,NewID${Random},bramakrishnareddy@1634904694677ce.com,male,active
1556,NewID${Random},apimonitoringc1bki@synthetic.com,male,active
1531,NewID${Random},victor.moreno00@bairesdev.com,male,inactive
5410,NewID${Random},test123@mailinator.comm,male,active
5427,NewID${Random},636pepito@yoloGroup.com,male,active
5393,Ricardo Lopez,mushamuday@gmail.com,male,active
5430,Milhouse,test_1634904616@mailinator.commm,female,active
5398,Juan Perez,bramakrishnareddy@1634904703069ce.com,male,active
5408,Ricardo Lopez,bramakrishnareddy@1634904741066ce.com,male,active
5402,Milhouse,bramakrishnareddy@1634904721608ce.com,male,active
5426,Ricardo Lopez,bramakrishnareddy@1634904822705ce.com,male,active
5429,NewID27022,bramakrishnareddy@1634904830274ce.com,male,active
1976,NewID63476,test1634894297707@gmail.com,male,active
